eventGroup,averagePerformanceScore,country,countryFullName,__typename,male,place,withDrop,athleteUrlSlug,rankingScore,withMonthCorrection,withWorldRecord,withWind,rankDate,birthDate,athlete
Women's 100m (50m-55m-60m),1312,ITA,Italy,RankingScoreCalculation,False,13,False,italy/zaynab-dosso-14622202,1312,False,False,True,24 AUG 2025,12 SEP 1999,Zaynab DOSSO
Women's 100m (50m-55m-60m),1259,FRA,France,RankingScoreCalculation,False,24,False,france/gemima-joseph-14738969,1259,False,False,True,24 AUG 2025,17 OCT 2001,Gémima JOSEPH
Women's 100m (50m-55m-60m),1256,LBR,Liberia,RankingScoreCalculation,False,25,False,liberia/destiny-smith-barnett-14475801,1256,False,False,True,24 AUG 2025,26 JUL 1996,Destiny SMITH-BARNETT
Women's 100m (50m-55m-60m),1251,BEL,Belgium,RankingScoreCalculation,False,26,False,belgium/rani-rosius-14738788,1251,False,False,True,24 AUG 2025,25 APR 2000,Rani ROSIUS
Women's 100m (50m-55m-60m),1250,USA,United States,RankingScoreCalculation,False,28,False,united-states/jenna-prandini-14329068,1250,False,False,True,24 AUG 2025,20 NOV 1992,Jenna PRANDINI
Women's 100m (50m-55m-60m),1247,CHN,PR of China,RankingScoreCalculation,False,29,False,pr-of-china/xiaojing-liang-14583567,1247,False,False,True,24 AUG 2025,07 APR 1997,Xiaojing LIANG
Women's 100m (50m-55m-60m),1235,POR,Portugal,RankingScoreCalculation,False,33,False,portugal/lorene-dorcas-bazolo-14375638,1235,False,False,True,24 AUG 2025,04 MAY 1983,Lorène Dorcas BAZOLO
Women's 100m (50m-55m-60m),1232,AUS,Australia,RankingScoreCalculation,False,34,False,australia/torrie-lewis-14778459,1232,False,False,True,24 AUG 2025,08 JAN 2005,Torrie LEWIS
Women's 100m (50m-55m-60m),1231,BEL,Belgium,RankingScoreCalculation,False,35,False,belgium/delphine-nkansa-14779993,1231,False,False,True,24 AUG 2025,21 SEP 2001,Delphine NKANSA
Women's 100m (50m-55m-60m),1229,CIV,Côte d’Ivoire,RankingScoreCalculation,False,36,False,cote-divoire/maboundou-kone-14636900,1229,False,False,True,24 AUG 2025,16 MAY 1997,Maboundou KONÉ
Women's 100m (50m-55m-60m),1225,JAM,Jamaica,RankingScoreCalculation,False,37,False,jamaica/shashalee-forbes-14574709,1225,False,False,True,24 AUG 2025,10 MAY 1996,Shashalee FORBES
Women's 100m (50m-55m-60m),1221,AUS,Australia,RankingScoreCalculation,False,39,False,australia/bree-rizzo-14924344,1221,False,False,True,24 AUG 2025,24 JUN 1995,Bree RIZZO
Women's 100m (50m-55m-60m),1217,CZE,Czechia,RankingScoreCalculation,False,42,False,czechia/karolina-manasova-14857218,1217,False,False,True,24 AUG 2025,26 NOV 2003,Karolína MAŇASOVÁ
Women's 100m (50m-55m-60m),1217,JAM,Jamaica,RankingScoreCalculation,False,43,False,jamaica/natasha-morrison-14285826,1217,False,False,True,24 AUG 2025,17 NOV 1992,Natasha MORRISON
Women's 100m (50m-55m-60m),1212,BRA,Brazil,RankingScoreCalculation,False,49,False,brazil/ana-carolina-azevedo-14579558,1212,False,False,True,24 AUG 2025,19 MAY 1998,Ana Carolina AZEVEDO
Women's 100m (50m-55m-60m),1204,SWE,Sweden,RankingScoreCalculation,False,53,False,sweden/julia-henriksson-14654845,1204,False,False,True,24 AUG 2025,11 JUL 2000,Julia HENRIKSSON
Women's 100m (50m-55m-60m),1204,CHI,Chile,RankingScoreCalculation,False,54,False,chile/maria-ignacia-montt-14547431,1204,False,False,True,24 AUG 2025,23 FEB 1996,María Ignacia MONTT
Women's 100m (50m-55m-60m),1200,GBR,Great Britain & N.I.,RankingScoreCalculation,False,57,False,great-britain-ni/bianca-williams-14401125,1200,False,False,True,24 AUG 2025,18 DEC 1993,Bianca WILLIAMS
Women's 100m (50m-55m-60m),1199,BRA,Brazil,RankingScoreCalculation,False,58,False,brazil/vitoria-cristina-rosa-14481687,1199,False,False,True,24 AUG 2025,12 JAN 1996,Vitoria Cristina ROSA
Women's 100m (50m-55m-60m),1199,PUR,Puerto Rico,RankingScoreCalculation,False,59,False,puerto-rico/gladymar-torres-14887556,1199,False,False,True,24 AUG 2025,26 MAR 2003,Gladymar TORRES
Women's 100m (50m-55m-60m),1198,CMR,Cameroon,RankingScoreCalculation,False,61,False,cameroon/herverge-etame-kole-14974735,1198,False,False,True,24 AUG 2025,22 JUN 2002,Herverge Etame KOLE
Women's 100m (50m-55m-60m),1198,GER,Germany,RankingScoreCalculation,False,62,False,germany/lisa-mayer-14448966,1198,False,False,True,24 AUG 2025,02 MAY 1996,Lisa MAYER
Women's 100m (50m-55m-60m),1195,AUS,Australia,RankingScoreCalculation,False,64,False,australia/ella-connolly-14517121,1195,False,False,True,24 AUG 2025,13 JUL 2000,Ella CONNOLLY
Women's 100m (50m-55m-60m),1195,NED,Netherlands,RankingScoreCalculation,False,65,False,netherlands/minke-bisschops-14773921,1195,False,False,True,24 AUG 2025,02 SEP 2002,Minke BISSCHOPS
Women's 100m (50m-55m-60m),1194,SVK,Slovak Republic,RankingScoreCalculation,False,66,False,slovak-republic/viktoria-forster-14786982,1194,False,False,True,24 AUG 2025,08 APR 2002,Viktória FORSTER
Women's 100m (50m-55m-60m),1193,COL,Colombia,RankingScoreCalculation,False,68,False,colombia/marlet-ospino-14979537,1193,False,False,True,24 AUG 2025,06 SEP 2004,Marlet OSPINO
Women's 100m (50m-55m-60m),1193,GER,Germany,RankingScoreCalculation,False,69,False,germany/rebekka-haase-14360165,1193,False,False,True,24 AUG 2025,02 JAN 1993,Rebekka HAASE
Women's 100m (50m-55m-60m),1191,SUI,Switzerland,RankingScoreCalculation,False,71,False,switzerland/geraldine-frey-14510629,1191,False,False,True,24 AUG 2025,19 JUN 1997,Géraldine FREY
Women's 100m (50m-55m-60m),1191,ESP,Spain,RankingScoreCalculation,False,72,False,spain/maria-isabel-perez-14260762,1191,False,False,True,24 AUG 2025,01 MAR 1993,Maria Isabel PÉREZ
Women's 100m (50m-55m-60m),1190,GER,Germany,RankingScoreCalculation,False,74,False,germany/sina-mayer-14401271,1190,False,False,True,24 AUG 2025,10 APR 1995,Sina MAYER
Women's 100m (50m-55m-60m),1189,GRE,Greece,RankingScoreCalculation,False,76,False,greece/polyniki-emmanouilidou-14838227,1189,False,False,True,24 AUG 2025,30 JUN 2003,Polyniki EMMANOUILIDOU
Women's 100m (50m-55m-60m),1183,SUI,Switzerland,RankingScoreCalculation,False,80,False,switzerland/salome-kora-14509523,1183,False,False,True,24 AUG 2025,08 JUN 1994,Salomé KORA
Women's 100m (50m-55m-60m),1182,USA,United States,RankingScoreCalculation,False,81,False,united-states/candace-hill-14596374,1182,False,False,True,24 AUG 2025,11 FEB 1999,Candace HILL
Women's 100m (50m-55m-60m),1181,USA,United States,RankingScoreCalculation,False,84,False,united-states/jadyn-mays-14761324,1181,False,False,True,24 AUG 2025,02 APR 2002,Jadyn MAYS
Women's 100m (50m-55m-60m),1180,USA,United States,RankingScoreCalculation,False,85,False,united-states/mikiah-brisco-14465133,1180,False,False,True,24 AUG 2025,14 JUL 1996,Mikiah BRISCO
Women's 100m (50m-55m-60m),1179,SGP,Singapore,RankingScoreCalculation,False,86,False,singapore/veronica-shanti-pereira-14472153,1179,False,False,True,24 AUG 2025,20 SEP 1996,Veronica Shanti PEREIRA
Women's 100m (50m-55m-60m),1179,GER,Germany,RankingScoreCalculation,False,87,False,germany/alexandra-burghardt-14390368,1179,False,False,True,24 AUG 2025,28 APR 1994,Alexandra BURGHARDT
Women's 100m (50m-55m-60m),1174,BOT,Botswana,RankingScoreCalculation,False,89,False,botswana/tsaone-bakani-sebele-14541122,1174,False,False,True,24 AUG 2025,27 OCT 1993,Tsaone Bakani SEBELE
Women's 100m (50m-55m-60m),1174,JAM,Jamaica,RankingScoreCalculation,False,90,False,jamaica/kemba-nelson-14576790,1174,False,False,True,24 AUG 2025,23 FEB 2000,Kemba NELSON
Women's 100m (50m-55m-60m),1174,USA,United States,RankingScoreCalculation,False,91,False,united-states/lex-brown-14747974,1174,False,False,True,24 AUG 2025,26 APR 2001,Lex BROWN
Women's 100m (50m-55m-60m),1172,CHI,Chile,RankingScoreCalculation,False,94,False,chile/anais-hernandez-14733955,1172,False,False,True,24 AUG 2025,05 MAR 2001,Anais HERNÁNDEZ
Women's 100m (50m-55m-60m),1172,GER,Germany,RankingScoreCalculation,False,96,False,germany/sophia-junk-14593203,1172,False,False,True,24 AUG 2025,01 MAR 1999,Sophia JUNK
Women's 100m (50m-55m-60m),1169,JAM,Jamaica,RankingScoreCalculation,False,99,False,jamaica/christania-williams-14413656,1169,False,False,True,24 AUG 2025,17 OCT 1994,Christania WILLIAMS
Women's 100m (50m-55m-60m),1168,JAM,Jamaica,RankingScoreCalculation,False,100,False,jamaica/ashanti-moore-14630579,1168,False,False,True,24 AUG 2025,07 NOV 2000,Ashanti MOORE
Women's 100m (50m-55m-60m),1168,USA,United States,RankingScoreCalculation,False,101,False,united-states/jada-mowatt-14596937,1168,False,False,True,24 AUG 2025,17 OCT 1997,Jada MOWATT
Women's 100m (50m-55m-60m),1168,USA,United States,RankingScoreCalculation,False,102,False,united-states/alicia-burnett-14716762,1168,False,False,True,24 AUG 2025,2002,Alicia BURNETT
Women's 100m (50m-55m-60m),1167,GBR,Great Britain & N.I.,RankingScoreCalculation,False,103,False,great-britain-ni/joy-eze-14834447,1167,False,False,True,24 AUG 2025,31 MAY 2004,Joy EZE
Women's 100m (50m-55m-60m),1166,AUS,Australia,RankingScoreCalculation,False,104,False,australia/leah-obrien-14921737,1166,False,False,True,24 AUG 2025,29 JAN 2008,Leah O'BRIEN
Women's 100m (50m-55m-60m),1166,JAM,Jamaica,RankingScoreCalculation,False,105,False,jamaica/sabrina-dockery-14929107,1166,False,False,True,24 AUG 2025,17 SEP 2006,Sabrina DOCKERY
Women's 100m (50m-55m-60m),1165,ECU,Ecuador,RankingScoreCalculation,False,107,False,ecuador/gabriela-anahi-suarez-14701514,1165,False,False,True,24 AUG 2025,02 FEB 2001,Gabriela Anahi SUAREZ
Women's 100m (50m-55m-60m),1165,AUS,Australia,RankingScoreCalculation,False,108,False,australia/ebony-lane-14671089,1165,False,False,True,24 AUG 2025,08 NOV 1998,Ebony LANE
Women's 100m (50m-55m-60m),1163,USA,United States,RankingScoreCalculation,False,109,False,united-states/deajah-stevens-014378231,1163,False,False,True,24 AUG 2025,19 MAY 1995,Deajah STEVENS
Women's 100m (50m-55m-60m),1161,DOM,Dominican Republic,RankingScoreCalculation,False,110,False,dominican-republic/liranyi-alonso-15040816,1161,False,False,True,24 AUG 2025,28 DEC 2005,Liranyi ALONSO
Women's 100m (50m-55m-60m),1161,AUS,Australia,RankingScoreCalculation,False,111,False,australia/chloe-mannix-power-14669328,1161,False,False,True,24 AUG 2025,29 NOV 2000,Chloe MANNIX-POWER
Women's 100m (50m-55m-60m),1161,JAM,Jamaica,RankingScoreCalculation,False,112,False,jamaica/serena-cole-14776901,1161,False,False,True,24 AUG 2025,26 JUN 2004,Serena COLE
Women's 100m (50m-55m-60m),1161,NGR,Nigeria,RankingScoreCalculation,False,113,False,nigeria/kelly-ufodiama-15093814,1161,False,False,True,24 AUG 2025,09 JUN 2006,Kelly UFODIAMA
Women's 100m (50m-55m-60m),1160,GBR,Great Britain & N.I.,RankingScoreCalculation,False,114,False,great-britain-ni/imani-lansiquot-14506362,1160,False,False,True,24 AUG 2025,17 DEC 1997,Imani LANSIQUOT
Women's 100m (50m-55m-60m),1159,SUI,Switzerland,RankingScoreCalculation,False,116,False,switzerland/xenia-buri-14987735,1159,False,False,True,24 AUG 2025,09 JAN 2008,Xenia BURI
Women's 100m (50m-55m-60m),1158,FIN,Finland,RankingScoreCalculation,False,117,False,finland/lotta-kemppinen-14503884,1158,False,False,True,24 AUG 2025,01 APR 1998,Lotta KEMPPINEN
Women's 100m (50m-55m-60m),1158,NGR,Nigeria,RankingScoreCalculation,False,118,False,nigeria/olayinka-olajide-14970477,1158,False,False,True,24 AUG 2025,28 OCT 2002,Olayinka OLAJIDE
Women's 100m (50m-55m-60m),1157,STP,Sao Tome & Principe,RankingScoreCalculation,False,119,False,dem-rep-of-sao-tome-and-principe/gorete-semedo-14628106,1157,False,False,True,24 AUG 2025,05 OCT 1996,Gorete SEMEDO
Women's 100m (50m-55m-60m),1157,GER,Germany,RankingScoreCalculation,False,120,False,germany/lisa-marie-kwayie-14454037,1157,False,False,True,24 AUG 2025,27 OCT 1996,Lisa Marie KWAYIE
Women's 100m (50m-55m-60m),1156,TTO,Trinidad and Tobago,RankingScoreCalculation,False,121,False,trinidad-and-tobago/lisa-raye-15077774,1156,False,False,True,24 AUG 2025,19 JAN 2008,Lisa RAYE
Women's 100m (50m-55m-60m),1155,POL,Poland,RankingScoreCalculation,False,123,False,poland/magdalena-stefanowicz-14647937,1155,False,False,True,24 AUG 2025,21 SEP 2000,Magdalena STEFANOWICZ
Women's 100m (50m-55m-60m),1155,AUS,Australia,RankingScoreCalculation,False,124,False,australia/mia-gross-14671065,1155,False,False,True,24 AUG 2025,18 APR 2001,Mia GROSS
Women's 100m (50m-55m-60m),1155,AUS,Australia,RankingScoreCalculation,False,125,False,australia/kristie-edwards-14575462,1155,False,False,True,24 AUG 2025,24 FEB 2000,Kristie EDWARDS
Women's 100m (50m-55m-60m),1155,MAD,Madagascar,RankingScoreCalculation,False,126,False,madagascar/claudine-njarasoa-14916210,1155,False,False,True,24 AUG 2025,02 JUN 1999,Claudine NJARASOA
Women's 100m (50m-55m-60m),1155,ITA,Italy,RankingScoreCalculation,False,127,False,italy/gloria-hooper-14381808,1155,False,False,True,24 AUG 2025,03 MAR 1992,Gloria HOOPER
Women's 100m (50m-55m-60m),1154,NGR,Nigeria,RankingScoreCalculation,False,128,False,nigeria/success-umukoro-14886278,1154,False,False,True,24 AUG 2025,09 JAN 2001,Success UMUKORO
Women's 100m (50m-55m-60m),1154,USA,United States,RankingScoreCalculation,False,129,False,united-states/iyana-gray-14836591,1154,False,False,True,24 AUG 2025,27 FEB 2003,Iyana GRAY
Women's 100m (50m-55m-60m),1153,EGY,Egypt,RankingScoreCalculation,False,130,False,egypt/bassant-hemida-14755412,1153,False,False,True,24 AUG 2025,28 SEP 1996,Bassant HEMIDA
Women's 100m (50m-55m-60m),1153,CAN,Canada,RankingScoreCalculation,False,131,False,canada/jacqueline-madogo-14804999,1153,False,False,True,24 AUG 2025,14 APR 2000,Jacqueline MADOGO
Women's 100m (50m-55m-60m),1153,USA,United States,RankingScoreCalculation,False,132,False,united-states/sedrickia-wynn-14808973,1153,False,False,True,24 AUG 2025,08 FEB 2000,Sedrickia WYNN
Women's 100m (50m-55m-60m),1152,FRA,France,RankingScoreCalculation,False,133,False,france/carolle-zahi-14477479,1152,False,False,True,24 AUG 2025,12 JUN 1994,Carolle ZAHI
Women's 100m (50m-55m-60m),1151,CUB,Cuba,RankingScoreCalculation,False,134,False,cuba/yunisleidy-garcia-abreu-14636498,1151,False,False,True,24 AUG 2025,11 AUG 1999,Yunisleidy GARCÍA ABREU
Women's 100m (50m-55m-60m),1151,GAM,The Gambia,RankingScoreCalculation,False,135,False,the-gambia/maimuna-jallow-14988414,1151,False,False,True,24 AUG 2025,2005,Maimuna JALLOW
Women's 100m (50m-55m-60m),1151,USA,United States,RankingScoreCalculation,False,136,False,united-states/sharmelle-holmes-14994015,1151,False,False,True,24 AUG 2025,18 MAY 2006,Sharmelle HOLMES
Women's 100m (50m-55m-60m),1149,USA,United States,RankingScoreCalculation,False,137,False,united-states/caisja-chandler-14731976,1149,False,False,True,24 AUG 2025,18 JUN 2000,Caisja CHANDLER
Women's 100m (50m-55m-60m),1149,JPN,Japan,RankingScoreCalculation,False,138,False,japan/manaka-miura-14860611,1149,False,False,True,24 AUG 2025,14 FEB 2002,Manaka MIURA
Women's 100m (50m-55m-60m),1149,GBR,Great Britain & N.I.,RankingScoreCalculation,False,140,False,great-britain-ni/renee-regis-14853272,1149,False,False,True,24 AUG 2025,02 SEP 2005,Renee REGIS
Women's 100m (50m-55m-60m),1148,GRE,Greece,RankingScoreCalculation,False,141,False,greece/rafailia-spanoudaki-chatziriga-14686534,1148,False,False,True,24 AUG 2025,07 JUN 1994,Rafailia SPANOUDAKI-CHATZIRIGA
Women's 100m (50m-55m-60m),1147,SUI,Switzerland,RankingScoreCalculation,False,142,False,switzerland/emma-van-camp-14827930,1147,False,False,True,24 AUG 2025,11 OCT 2004,Emma VAN CAMP
Women's 100m (50m-55m-60m),1147,BAR,Barbados,RankingScoreCalculation,False,143,False,barbados/kishawna-niles-14847514,1147,False,False,True,24 AUG 2025,16 AUG 2005,Kishawna NILES
Women's 100m (50m-55m-60m),1147,GAB,Gabon,RankingScoreCalculation,False,144,False,gabon/pierrick-linda-moulin-14772742,1147,False,False,True,24 AUG 2025,12 FEB 2001,Pierrick-linda MOULIN
Women's 100m (50m-55m-60m),1146,ITA,Italy,RankingScoreCalculation,False,145,False,italy/kelly-ann-maevane-doualla-edimo-15022410,1146,False,False,True,24 AUG 2025,20 NOV 2009,Kelly Ann Maevane DOUALLA EDIMO
Women's 100m (50m-55m-60m),1145,USA,United States,RankingScoreCalculation,False,147,False,united-states/kailei-collins-014715729,1145,False,False,True,24 AUG 2025,11 JUL 2001,Kailei COLLINS
Women's 100m (50m-55m-60m),1143,EST,Estonia,RankingScoreCalculation,False,148,False,estonia/ann-marii-kivikas-14735066,1143,False,False,True,24 AUG 2025,12 AUG 2002,Ann Marii KIVIKAS
Women's 100m (50m-55m-60m),1143,JAM,Jamaica,RankingScoreCalculation,False,149,False,jamaica/carleta-bernard-14836149,1143,False,False,True,24 AUG 2025,08 NOV 2004,Carleta BERNARD
Women's 100m (50m-55m-60m),1142,NGR,Nigeria,RankingScoreCalculation,False,150,False,nigeria/adijatu-rejoice-sule-14970473,1142,False,False,True,24 AUG 2025,07 OCT 2004,Adijatu Rejoice SULE
Women's 100m (50m-55m-60m),1140,RSA,South Africa,RankingScoreCalculation,False,152,False,south-africa/viwe-jingqi-14932728,1140,False,False,True,24 AUG 2025,17 FEB 2005,Viwe JINGQI
Women's 100m (50m-55m-60m),1140,BOT,Botswana,RankingScoreCalculation,False,153,False,botswana/murangi-refilwe-14721117,1140,False,False,True,24 AUG 2025,28 DEC 1999,Murangi REFILWE
Women's 100m (50m-55m-60m),1140,GBR,Great Britain & N.I.,RankingScoreCalculation,False,154,False,great-britain-ni/desiree-henry-14360349,1140,False,False,True,24 AUG 2025,26 AUG 1995,Desiree HENRY
Women's 100m (50m-55m-60m),1140,GBR,Great Britain & N.I.,RankingScoreCalculation,False,155,False,great-britain-ni/aleeya-sibbons-14714965,1140,False,False,True,24 AUG 2025,05 NOV 2002,Aleeya SIBBONS
Women's 100m (50m-55m-60m),1140,USA,United States,RankingScoreCalculation,False,156,False,united-states/shannon-ray-14490383,1140,False,False,True,24 AUG 2025,23 DEC 1995,Shannon RAY
Women's 100m (50m-55m-60m),1140,USA,United States,RankingScoreCalculation,False,157,False,united-states/reign-redmond-14981133,1140,False,False,True,24 AUG 2025,19 SEP 2005,Reign REDMOND
Women's 100m (50m-55m-60m),1139,JAM,Jamaica,RankingScoreCalculation,False,158,False,jamaica/krystal-sloley-14686396,1139,False,False,True,24 AUG 2025,24 APR 2002,Krystal SLOLEY
Women's 100m (50m-55m-60m),1139,USA,United States,RankingScoreCalculation,False,159,False,united-states/tamara-clark-14596381,1139,False,False,True,24 AUG 2025,09 JAN 1999,Tamara CLARK
Women's 100m (50m-55m-60m),1138,CHN,PR of China,RankingScoreCalculation,False,160,False,pr-of-china/manqi-ge-14576460,1138,False,False,True,24 AUG 2025,13 OCT 1997,Manqi GE
Women's 100m (50m-55m-60m),1138,TTO,Trinidad and Tobago,RankingScoreCalculation,False,161,False,trinidad-and-tobago/michelle-lee-ahye-14302966,1138,False,False,True,24 AUG 2025,10 APR 1992,Michelle-Lee AHYE
Women's 100m (50m-55m-60m),1137,COL,Colombia,RankingScoreCalculation,False,162,False,colombia/angelica-maria-gamboa-14587314,1137,False,False,True,24 AUG 2025,06 APR 1998,Angelica Maria GAMBOA
Women's 100m (50m-55m-60m),1137,USA,United States,RankingScoreCalculation,False,163,False,united-states/joyasia-smith-15056298,1137,False,False,True,24 AUG 2025,04 AUG 2004,Joyasia SMITH
Women's 100m (50m-55m-60m),1137,GBR,Great Britain & N.I.,RankingScoreCalculation,False,164,False,great-britain-ni/nia-wedderburn-goodison-14781167,1137,False,False,True,24 AUG 2025,09 JAN 2005,Nia WEDDERBURN-GOODISON
Women's 100m (50m-55m-60m),1137,SWE,Sweden,RankingScoreCalculation,False,165,False,sweden/nora-lindahl-14835523,1137,False,False,True,24 AUG 2025,10 SEP 2004,Nora LINDAHL
Women's 100m (50m-55m-60m),1137,USA,United States,RankingScoreCalculation,False,166,False,united-states/chante-clinkscale-14937077,1137,False,False,True,24 AUG 2025,2003,Chante CLINKSCALE
Women's 100m (50m-55m-60m),1135,USA,United States,RankingScoreCalculation,False,167,False,united-states/kortnei-johnson-14519052,1135,False,False,True,24 AUG 2025,11 AUG 1997,Kortnei JOHNSON
Women's 100m (50m-55m-60m),1135,IVB,British Virgin Islands,RankingScoreCalculation,False,168,False,british-virgin-islands/beyonce-defreitas-14695519,1135,False,False,True,24 AUG 2025,09 MAR 2001,Beyonce DEFREITAS
Women's 100m (50m-55m-60m),1135,USA,United States,RankingScoreCalculation,False,169,False,united-states/lauren-jarrett-15037335,1135,False,False,True,24 AUG 2025,01 SEP 2004,Lauren JARRETT
Women's 100m (50m-55m-60m),1134,RSA,South Africa,RankingScoreCalculation,False,170,False,south-africa/joviale-mbisha-14748118,1134,False,False,True,24 AUG 2025,31 OCT 2000,Joviale MBISHA
Women's 100m (50m-55m-60m),1134,AUS,Australia,RankingScoreCalculation,False,171,False,australia/sam-geddes-14445620,1134,False,False,True,24 AUG 2025,04 JUN 1997,Sam GEDDES
Women's 100m (50m-55m-60m),1134,JAM,Jamaica,RankingScoreCalculation,False,172,False,jamaica/shanoya-mikalia-douglas-15063835,1134,False,False,True,24 AUG 2025,11 SEP 2007,Shanoya Mikalia DOUGLAS
Women's 100m (50m-55m-60m),1134,POR,Portugal,RankingScoreCalculation,False,173,False,portugal/arialis-gandulla-14465496,1134,False,False,True,24 AUG 2025,22 JUN 1995,Arialis GANDULLA
Women's 100m (50m-55m-60m),1133,SVK,Slovak Republic,RankingScoreCalculation,False,175,False,slovak-republic/delia-farajpour-14849786,1133,False,False,True,24 AUG 2025,19 APR 2004,Delia FARAJPOUR
Women's 100m (50m-55m-60m),1133,JPN,Japan,RankingScoreCalculation,False,176,False,japan/midori-mikase-14806541,1133,False,False,True,24 AUG 2025,02 JUN 2001,Midori MIKASE
Women's 100m (50m-55m-60m),1133,USA,United States,RankingScoreCalculation,False,177,False,united-states/iasia-wilson-014777709,1133,False,False,True,24 AUG 2025,2003,I'Asia WILSON
Women's 100m (50m-55m-60m),1133,USA,United States,RankingScoreCalculation,False,178,False,united-states/kiley-robbins-14903402,1133,False,False,True,24 AUG 2025,31 JUL 2002,Kiley ROBBINS
Women's 100m (50m-55m-60m),1132,PUR,Puerto Rico,RankingScoreCalculation,False,180,False,puerto-rico/frances-colon-14885598,1132,False,False,True,24 AUG 2025,16 MAR 2006,Frances COLON
Women's 100m (50m-55m-60m),1132,AUS,Australia,RankingScoreCalculation,False,181,False,australia/georgia-harris-14670290,1132,False,False,True,24 AUG 2025,10 JUN 2004,Georgia HARRIS
Women's 100m (50m-55m-60m),1132,RSA,South Africa,RankingScoreCalculation,False,182,False,south-africa/tamzin-thomas-14544892,1132,False,False,True,24 AUG 2025,06 OCT 1997,Tamzin THOMAS
Women's 100m (50m-55m-60m),1132,FRA,France,RankingScoreCalculation,False,183,False,france/sarah-richard-14627382,1132,False,False,True,24 AUG 2025,02 APR 1998,Sarah RICHARD
Women's 100m (50m-55m-60m),1132,BRA,Brazil,RankingScoreCalculation,False,184,False,brazil/gabriela-mourao-14662604,1132,False,False,True,24 AUG 2025,03 JUN 1999,Gabriela MOURÃO
Women's 100m (50m-55m-60m),1131,AUS,Australia,RankingScoreCalculation,False,185,False,australia/taylah-cruttenden-14730127,1131,False,False,True,24 AUG 2025,19 OCT 2003,Taylah CRUTTENDEN
Women's 100m (50m-55m-60m),1131,AUT,Austria,RankingScoreCalculation,False,186,False,austria/magdalena-lindner-14544320,1131,False,False,True,24 AUG 2025,14 APR 2000,Magdalena LINDNER
Women's 100m (50m-55m-60m),1131,GBR,Great Britain & N.I.,RankingScoreCalculation,False,187,False,great-britain-ni/faith-akinbileje-14937030,1131,False,False,True,24 AUG 2025,21 SEP 2005,Faith AKINBILEJE
Women's 100m (50m-55m-60m),1131,USA,United States,RankingScoreCalculation,False,188,False,united-states/milian-fields-14892021,1131,False,False,True,24 AUG 2025,2002,Milian FIELDS
Women's 100m (50m-55m-60m),1131,NGR,Nigeria,RankingScoreCalculation,False,190,False,nigeria/moforehan-abinusawa-14716801,1131,False,False,True,24 AUG 2025,03 OCT 2003,Moforehan ABINUSAWA
Women's 100m (50m-55m-60m),1131,ESP,Spain,RankingScoreCalculation,False,191,False,spain/elena-guiu-14823070,1131,False,False,True,24 AUG 2025,16 JUN 2004,Elena GUIU
Women's 100m (50m-55m-60m),1130,USA,United States,RankingScoreCalculation,False,192,False,united-states/kiyah-yeast-14716772,1130,False,False,True,24 AUG 2025,09 APR 2002,Kiyah YEAST
Women's 100m (50m-55m-60m),1130,CYP,Cyprus,RankingScoreCalculation,False,193,False,cyprus/olivia-fotopoulou-14595920,1130,False,False,True,24 AUG 2025,20 DEC 1996,Olivia FOTOPOULOU
Women's 100m (50m-55m-60m),1130,USA,United States,RankingScoreCalculation,False,195,False,united-states/asia-thomas-14913817,1130,False,False,True,24 AUG 2025,2005,Asia THOMAS
Women's 100m (50m-55m-60m),1130,BEL,Belgium,RankingScoreCalculation,False,196,False,belgium/janie-de-naeyer-14681306,1130,False,False,True,24 AUG 2025,17 AUG 2001,Janie DE NAEYER
Women's 100m (50m-55m-60m),1129,CAN,Canada,RankingScoreCalculation,False,197,False,canada/emily-martin-14876636,1129,False,False,True,24 AUG 2025,30 MAY 2004,Emily MARTIN
Women's 100m (50m-55m-60m),1129,NED,Netherlands,RankingScoreCalculation,False,198,False,netherlands/marije-van-hunenstijn-14451250,1129,False,False,True,24 AUG 2025,02 MAR 1995,Marije VAN HUNENSTIJN
Women's 100m (50m-55m-60m),1129,CHN,PR of China,RankingScoreCalculation,False,199,False,pr-of-china/yujie-chen-15138450,1129,False,False,True,24 AUG 2025,29 DEC 2008,Yujie CHEN
Women's 100m (50m-55m-60m),1129,EST,Estonia,RankingScoreCalculation,False,200,False,estonia/oilme-voro-14448393,1129,False,False,True,24 AUG 2025,02 JAN 1996,Õilme VÕRO
Women's 100m (50m-55m-60m),1129,TTO,Trinidad and Tobago,RankingScoreCalculation,False,201,False,trinidad-and-tobago/reese-webster-14832820,1129,False,False,True,24 AUG 2025,21 MAY 2002,Reese WEBSTER
Women's 100m (50m-55m-60m),1128,SLO,Slovenia,RankingScoreCalculation,False,202,False,slovenia/maja-mihalinec-zidar-14300190,1128,False,False,True,24 AUG 2025,17 DEC 1989,Maja MIHALINEC ZIDAR
Women's 100m (50m-55m-60m),1128,CGO,Congo,RankingScoreCalculation,False,203,False,congo/natacha-ngoye-14429097,1128,False,False,True,24 AUG 2025,15 AUG 1993,Natacha NGOYE
Women's 100m (50m-55m-60m),1128,USA,United States,RankingScoreCalculation,False,204,False,united-states/sianni-wynn-14913986,1128,False,False,True,24 AUG 2025,2008,Sianni WYNN
Women's 100m (50m-55m-60m),1128,USA,United States,RankingScoreCalculation,False,206,False,united-states/kenondra-davis-14807005,1128,False,False,True,24 AUG 2025,15 FEB 2003,Kenondra DAVIS
Women's 100m (50m-55m-60m),1127,GBR,Great Britain & N.I.,RankingScoreCalculation,False,207,False,great-britain-ni/asha-philip-14276065,1127,False,False,True,24 AUG 2025,25 OCT 1990,Asha PHILIP
Women's 100m (50m-55m-60m),1126,CAN,Canada,RankingScoreCalculation,False,208,False,canada/marie-eloise-leclair-14860197,1126,False,False,True,24 AUG 2025,10 SEP 2002,Marie-Éloise LECLAIR
Women's 100m (50m-55m-60m),1126,GER,Germany,RankingScoreCalculation,False,209,False,germany/philina-marianne-schwartz-14964208,1126,False,False,True,24 AUG 2025,25 NOV 2006,Philina Marianne SCHWARTZ
Women's 100m (50m-55m-60m),1126,GHA,Ghana,RankingScoreCalculation,False,210,False,ghana/anita-afrifa-15145027,1126,False,False,True,24 AUG 2025,16 JUN 2004,Anita AFRIFA
Women's 100m (50m-55m-60m),1125,NGR,Nigeria,RankingScoreCalculation,False,211,False,nigeria/elo-blessing-okpah-15023563,1125,False,False,True,24 AUG 2025,01 JUN 2005,Elo Blessing OKPAH
Women's 100m (50m-55m-60m),1125,SEN,Senegal,RankingScoreCalculation,False,212,False,senegal/ndeye-arame-toure-14678321,1125,False,False,True,24 AUG 2025,06 OCT 1993,Ndeye-Arame TOURÉ
Women's 100m (50m-55m-60m),1125,USA,United States,RankingScoreCalculation,False,213,False,united-states/alyssa-jones-14812264,1125,False,False,True,24 AUG 2025,06 FEB 2004,Alyssa JONES
Women's 100m (50m-55m-60m),1125,NGR,Nigeria,RankingScoreCalculation,False,214,False,nigeria/magdaline-george-14636839,1125,False,False,True,24 AUG 2025,25 DEC 2000,Magdaline GEORGE
Women's 100m (50m-55m-60m),1124,POL,Poland,RankingScoreCalculation,False,215,False,poland/aleksandra-piotrowska-14823625,1124,False,False,True,24 AUG 2025,01 NOV 2004,Aleksandra PIOTROWSKA
Women's 100m (50m-55m-60m),1124,AUS,Australia,RankingScoreCalculation,False,216,False,australia/aleksandra-stoilova-14814153,1124,False,False,True,24 AUG 2025,20 APR 2005,Aleksandra STOILOVA
Women's 100m (50m-55m-60m),1124,USA,United States,RankingScoreCalculation,False,217,False,united-states/naj-watson-14854525,1124,False,False,True,24 AUG 2025,24 FEB 2004,Naj WATSON
Women's 100m (50m-55m-60m),1124,AUS,Australia,RankingScoreCalculation,False,218,False,australia/olivia-dodds-14816622,1124,False,False,True,24 AUG 2025,02 JUN 2006,Olivia DODDS
Women's 100m (50m-55m-60m),1123,CHN,PR of China,RankingScoreCalculation,False,219,False,pr-of-china/junying-zhu-15084997,1123,False,False,True,24 AUG 2025,09 SEP 2004,Junying ZHU
Women's 100m (50m-55m-60m),1123,SLO,Slovenia,RankingScoreCalculation,False,220,False,slovenia/lucija-potnik-14874911,1123,False,False,True,24 AUG 2025,21 JUN 2005,Lucija POTNIK
Women's 100m (50m-55m-60m),1123,AUS,Australia,RankingScoreCalculation,False,222,False,australia/thewbelle-philp-14968458,1123,False,False,True,24 AUG 2025,05 APR 2008,Thewbelle PHILP
Women's 100m (50m-55m-60m),1122,GBR,Great Britain & N.I.,RankingScoreCalculation,False,223,False,great-britain-ni/mabel-akande-15032639,1122,False,False,True,24 AUG 2025,05 SEP 2006,Mabel AKANDE
Women's 100m (50m-55m-60m),1122,CAN,Canada,RankingScoreCalculation,False,224,False,canada/gabrielle-cole-14821439,1122,False,False,True,24 AUG 2025,30 NOV 2004,Gabrielle COLE
Women's 100m (50m-55m-60m),1122,USA,United States,RankingScoreCalculation,False,225,False,united-states/jahniya-bowers-14799068,1122,False,False,True,24 AUG 2025,05 MAY 2001,Jahniya BOWERS
Women's 100m (50m-55m-60m),1122,USA,United States,RankingScoreCalculation,False,226,False,united-states/diandrenique-gaines-014715742,1122,False,False,True,24 AUG 2025,09 AUG 2002,Diandrenique GAINES
Women's 100m (50m-55m-60m),1121,NZL,New Zealand,RankingScoreCalculation,False,227,False,new-zealand/brooke-somerfield-014518836,1121,False,False,True,24 AUG 2025,05 MAY 1997,Brooke SOMERFIELD
Women's 100m (50m-55m-60m),1121,FRA,France,RankingScoreCalculation,False,228,False,france/lucie-jean-charles-14704149,1121,False,False,True,24 AUG 2025,02 AUG 1998,Lucie JEAN CHARLES
Women's 100m (50m-55m-60m),1121,USA,United States,RankingScoreCalculation,False,229,False,united-states/nya-blocker-14993524,1121,False,False,True,24 AUG 2025,2004,Nya BLOCKER
Women's 100m (50m-55m-60m),1121,NGR,Nigeria,RankingScoreCalculation,False,230,False,nigeria/justina-tiana-eyakpobeyan-15023565,1121,False,False,True,24 AUG 2025,26 SEP 2006,Justina Tiana EYAKPOBEYAN
Women's 100m (50m-55m-60m),1120,RSA,South Africa,RankingScoreCalculation,False,232,False,south-africa/hannah-hope-vermaak-15022963,1120,False,False,True,24 AUG 2025,05 OCT 2007,Hannah Hope VERMAAK
Women's 100m (50m-55m-60m),1120,ARG,Argentina,RankingScoreCalculation,False,233,False,argentina/maria-florencia-lamboglia-14370099,1120,False,False,True,24 AUG 2025,21 JAN 1992,Maria Florencia LAMBOGLIA
Women's 100m (50m-55m-60m),1120,JPN,Japan,RankingScoreCalculation,False,234,False,japan/arisa-kimishima-14444468,1120,False,False,True,24 AUG 2025,23 DEC 1995,Arisa KIMISHIMA
Women's 100m (50m-55m-60m),1120,JAM,Jamaica,RankingScoreCalculation,False,235,False,jamaica/ashley-barrett-14782174,1120,False,False,True,24 AUG 2025,10 MAR 2003,Ashley BARRETT
Women's 100m (50m-55m-60m),1120,USA,United States,RankingScoreCalculation,False,236,False,united-states/jahzara-hart-014807200,1120,False,False,True,24 AUG 2025,2004,Jahzara HART
Women's 100m (50m-55m-60m),1120,MEX,Mexico,RankingScoreCalculation,False,237,False,mexico/cecilia-tamayo-garza-14594910,1120,False,False,True,24 AUG 2025,04 MAR 1997,Cecilia TAMAYO-GARZA
Women's 100m (50m-55m-60m),1119,POL,Poland,RankingScoreCalculation,False,238,False,poland/krystsina-tsimanouskaya-14571586,1119,False,False,True,24 AUG 2025,19 NOV 1996,Krystsina TSIMANOUSKAYA
Women's 100m (50m-55m-60m),1119,USA,United States,RankingScoreCalculation,False,239,False,united-states/zhane-smith-014641164,1119,False,False,True,24 AUG 2025,25 APR 1999,Zhane SMITH
Women's 100m (50m-55m-60m),1119,GER,Germany,RankingScoreCalculation,False,240,False,germany/tatjana-pinto-14279214,1119,False,False,True,24 AUG 2025,02 JUL 1992,Tatjana PINTO
Women's 100m (50m-55m-60m),1119,NGR,Nigeria,RankingScoreCalculation,False,241,False,nigeria/faith-okwose-15023557,1119,False,False,True,24 AUG 2025,27 MAY 2006,Faith OKWOSE
Women's 100m (50m-55m-60m),1119,JAM,Jamaica,RankingScoreCalculation,False,242,False,jamaica/kasheika-cameron-14574703,1119,False,False,True,24 AUG 2025,22 OCT 1998,Kasheika CAMERON
Women's 100m (50m-55m-60m),1118,JPN,Japan,RankingScoreCalculation,False,243,False,japan/aiha-yamagata-14962375,1118,False,False,True,24 AUG 2025,11 OCT 2005,Aiha YAMAGATA
Women's 100m (50m-55m-60m),1118,TTO,Trinidad and Tobago,RankingScoreCalculation,False,244,False,trinidad-and-tobago/shaniqua-bascombe-14692654,1118,False,False,True,24 AUG 2025,08 NOV 2003,Shaniqua BASCOMBE
Women's 100m (50m-55m-60m),1118,GRE,Greece,RankingScoreCalculation,False,245,False,greece/dimitra-tsoukala-14756730,1118,False,False,True,24 AUG 2025,07 SEP 1999,Dimitra TSOUKALA
Women's 100m (50m-55m-60m),1118,JAM,Jamaica,RankingScoreCalculation,False,247,False,jamaica/briana-campbell-14877515,1118,False,False,True,24 AUG 2025,07 NOV 2006,Briana CAMPBELL
Women's 100m (50m-55m-60m),1117,FRA,France,RankingScoreCalculation,False,248,False,france/naomi-riskwait-14848951,1117,False,False,True,24 AUG 2025,28 AUG 2002,Naomi RISKWAIT
Women's 100m (50m-55m-60m),1117,TPE,Chinese Taipei,RankingScoreCalculation,False,250,False,chinese-taipei/chia-chen-hu-014603299,1117,False,False,True,24 AUG 2025,28 MAR 1997,Chia-Chen HU
Women's 100m (50m-55m-60m),1117,BAH,Bahamas,RankingScoreCalculation,False,251,False,bahamas/shatalya-dorsett-14881404,1117,False,False,True,24 AUG 2025,13 JUN 2006,Shatalya DORSETT
Women's 100m (50m-55m-60m),1117,USA,United States,RankingScoreCalculation,False,252,False,united-states/olivia-pace-14937080,1117,False,False,True,24 AUG 2025,2006,Olivia PACE
Women's 100m (50m-55m-60m),1116,CUB,Cuba,RankingScoreCalculation,False,253,False,cuba/yarima-garcia-14883174,1116,False,False,True,24 AUG 2025,25 JUL 2004,Yarima GARCÍA
Women's 100m (50m-55m-60m),1116,BRA,Brazil,RankingScoreCalculation,False,254,False,brazil/lorraine-martins-14717849,1116,False,False,True,24 AUG 2025,04 APR 2000,Lorraine MARTINS
Women's 100m (50m-55m-60m),1116,SUI,Switzerland,RankingScoreCalculation,False,255,False,switzerland/celine-burgi-14573919,1116,False,False,True,24 AUG 2025,22 SEP 1999,Céline BÜRGI
Women's 100m (50m-55m-60m),1116,GUY,Guyana,RankingScoreCalculation,False,256,False,guyana/keliza-smith-14851153,1116,False,False,True,24 AUG 2025,25 APR 2003,Keliza SMITH
Women's 100m (50m-55m-60m),1115,GER,Germany,RankingScoreCalculation,False,258,False,germany/sila-sonmezcicek-14779665,1115,False,False,True,24 AUG 2025,23 JAN 2003,Sila SÖNMEZCICEK
Women's 100m (50m-55m-60m),1115,ITA,Italy,RankingScoreCalculation,False,259,False,italy/irene-siragusa-14361469,1115,False,False,True,24 AUG 2025,23 JUN 1993,Irene SIRAGUSA
Women's 100m (50m-55m-60m),1114,CHN,PR of China,RankingScoreCalculation,False,260,False,pr-of-china/yongli-wei-14423021,1114,False,False,True,24 AUG 2025,11 OCT 1991,Yongli WEI
Women's 100m (50m-55m-60m),1113,CAN,Canada,RankingScoreCalculation,False,261,False,canada/savannah-blair-15041513,1113,False,False,True,24 AUG 2025,08 DEC 2005,Savannah BLAIR
Women's 100m (50m-55m-60m),1113,UKR,Ukraine,RankingScoreCalculation,False,262,False,ukraine/diana-honcharenko-14894582,1113,False,False,True,24 AUG 2025,20 SEP 2004,Diana HONCHARENKO
Women's 100m (50m-55m-60m),1113,IRL,Ireland,RankingScoreCalculation,False,263,False,ireland/lucy-may-sleeman-14835555,1113,False,False,True,24 AUG 2025,24 MAY 2004,Lucy-may SLEEMAN
Women's 100m (50m-55m-60m),1112,CHN,PR of China,RankingScoreCalculation,False,265,False,pr-of-china/qiqi-yuan-14482253,1112,False,False,True,24 AUG 2025,26 OCT 1995,Qiqi YUAN
Women's 100m (50m-55m-60m),1112,NGR,Nigeria,RankingScoreCalculation,False,266,False,nigeria/precious-nzeakor-14873299,1112,False,False,True,24 AUG 2025,17 AUG 2005,Precious NZEAKOR
Women's 100m (50m-55m-60m),1112,AUS,Australia,RankingScoreCalculation,False,267,False,australia/olivia-hastings-14769901,1112,False,False,True,24 AUG 2025,23 JUN 2003,Olivia HASTINGS
Women's 100m (50m-55m-60m),1112,USA,United States,RankingScoreCalculation,False,269,False,united-states/abby-geiser-14837711,1112,False,False,True,24 AUG 2025,2002,Abby GEISER
Women's 100m (50m-55m-60m),1111,NOR,Norway,RankingScoreCalculation,False,271,False,norway/helene-ronningen-14484697,1111,False,False,True,24 AUG 2025,04 SEP 1998,Helene RØNNINGEN
Women's 100m (50m-55m-60m),1111,USA,United States,RankingScoreCalculation,False,272,False,united-states/gabriele-cunningham-14533396,1111,False,False,True,24 AUG 2025,22 FEB 1998,Gabriele CUNNINGHAM
Women's 100m (50m-55m-60m),1111,TTO,Trinidad and Tobago,RankingScoreCalculation,False,273,False,trinidad-and-tobago/taejha-badal-14715886,1111,False,False,True,24 AUG 2025,16 JUL 2003,Taejha BADAL
Women's 100m (50m-55m-60m),1111,JAM,Jamaica,RankingScoreCalculation,False,274,False,jamaica/lavanya-williams-14973703,1111,False,False,True,24 AUG 2025,08 DEC 2005,Lavanya WILLIAMS
Women's 100m (50m-55m-60m),1110,TTO,Trinidad and Tobago,RankingScoreCalculation,False,275,False,trinidad-and-tobago/alexxe-henry-14975085,1110,False,False,True,24 AUG 2025,20 JUL 2007,Alexxe HENRY
Women's 100m (50m-55m-60m),1110,PUR,Puerto Rico,RankingScoreCalculation,False,276,False,puerto-rico/adanelys-rodriguez-014805825,1110,False,False,True,24 AUG 2025,15 AUG 2001,Adanelys RODRÍGUEZ
Women's 100m (50m-55m-60m),1109,GBR,Great Britain & N.I.,RankingScoreCalculation,False,277,False,great-britain-ni/cheyanne-evans-gray-14769103,1109,False,False,True,24 AUG 2025,15 JUL 1998,Cheyanne EVANS-GRAY
Women's 100m (50m-55m-60m),1109,ITA,Italy,RankingScoreCalculation,False,278,False,italy/gaya-bertello-14874798,1109,False,False,True,24 AUG 2025,27 MAY 2003,Gaya BERTELLO
Women's 100m (50m-55m-60m),1109,JAM,Jamaica,RankingScoreCalculation,False,279,False,jamaica/niesha-burgher-14685513,1109,False,False,True,24 AUG 2025,08 AUG 2002,Niesha BURGHER
Women's 100m (50m-55m-60m),1109,GER,Germany,RankingScoreCalculation,False,281,False,germany/jolina-ernst-14910276,1109,False,False,True,24 AUG 2025,04 JUN 2004,Jolina ERNST
Women's 100m (50m-55m-60m),1109,JAM,Jamaica,RankingScoreCalculation,False,282,False,jamaica/yanique-dayle-14570319,1109,False,False,True,24 AUG 2025,31 DEC 1998,Yanique DAYLE
Women's 100m (50m-55m-60m),1108,GER,Germany,RankingScoreCalculation,False,284,False,germany/jessica-bianca-wessolly-14507608,1108,False,False,True,24 AUG 2025,11 DEC 1996,Jessica-Bianca WESSOLLY
Women's 100m (50m-55m-60m),1108,NZL,New Zealand,RankingScoreCalculation,False,285,False,new-zealand/marielle-venida-14921814,1108,False,False,True,24 AUG 2025,17 JUL 2005,Marielle VENIDA
Women's 100m (50m-55m-60m),1108,ESP,Spain,RankingScoreCalculation,False,286,False,spain/paula-garcia-14588879,1108,False,False,True,24 AUG 2025,10 NOV 1998,Paula GARCÍA
Women's 100m (50m-55m-60m),1108,JAM,Jamaica,RankingScoreCalculation,False,287,False,jamaica/mickaell-moodie-14693959,1108,False,False,True,24 AUG 2025,06 NOV 2001,Mickaell MOODIE
Women's 100m (50m-55m-60m),1107,JPN,Japan,RankingScoreCalculation,False,288,False,japan/hinami-yamanaka-014635041,1107,False,False,True,24 AUG 2025,12 DEC 1996,Hinami YAMANAKA
Women's 100m (50m-55m-60m),1107,GUY,Guyana,RankingScoreCalculation,False,289,False,guyana/jasmine-abrams-14430839,1107,False,False,True,24 AUG 2025,14 MAR 1994,Jasmine ABRAMS
Women's 100m (50m-55m-60m),1107,USA,United States,RankingScoreCalculation,False,290,False,united-states/halle-bieber-14844514,1107,False,False,True,24 AUG 2025,21 DEC 2000,Halle BIEBER
Women's 100m (50m-55m-60m),1107,GER,Germany,RankingScoreCalculation,False,291,False,germany/viola-john-14799153,1107,False,False,True,24 AUG 2025,23 JUN 2003,Viola JOHN
Women's 100m (50m-55m-60m),1107,USA,United States,RankingScoreCalculation,False,292,False,united-states/hannah-lowe-15046652,1107,False,False,True,24 AUG 2025,2006,Hannah LOWE
Women's 100m (50m-55m-60m),1106,IRI,Islamic Republic of Iran,RankingScoreCalculation,False,295,False,islamic-republic-of-iran/farzaneh-fasihi-14498436,1106,False,False,True,24 AUG 2025,03 JAN 1993,Farzaneh FASIHI
Women's 100m (50m-55m-60m),1106,AUS,Australia,RankingScoreCalculation,False,296,False,australia/olivia-rose-inkster-14814157,1106,False,False,True,24 AUG 2025,12 FEB 2005,Olivia Rose INKSTER
Women's 100m (50m-55m-60m),1106,GER,Germany,RankingScoreCalculation,False,298,False,germany/chelsea-kadiri-14875674,1106,False,False,True,24 AUG 2025,27 JUL 2005,Chelsea KADIRI
Women's 100m (50m-55m-60m),1106,USA,United States,RankingScoreCalculation,False,299,False,united-states/michaela-francois-014808100,1106,False,False,True,24 AUG 2025,2003,Michaela FRANCOIS
Women's 100m (50m-55m-60m),1106,USA,United States,RankingScoreCalculation,False,300,False,united-states/karsen-phillips-14964793,1106,False,False,True,24 AUG 2025,20 JUN 2005,Karsen PHILLIPS
Women's 100m (50m-55m-60m),1105,MAW,Malawi,RankingScoreCalculation,False,301,False,malawi/asimenye-simwaka-14974007,1105,False,False,True,24 AUG 2025,08 AUG 1997,Asimenye SIMWAKA
Women's 100m (50m-55m-60m),1105,BOL,Bolivia,RankingScoreCalculation,False,302,False,bolivia/guadalupe-torrez-14813680,1105,False,False,True,24 AUG 2025,17 MAY 2001,Guadalupe TORREZ
Women's 100m (50m-55m-60m),1105,RSA,South Africa,RankingScoreCalculation,False,303,False,south-africa/gabriella-marais-15143102,1105,False,False,True,24 AUG 2025,18 NOV 2003,Gabriella MARAIS
